"GEOID","total_SOM10"
"01001",1.04859236
"01003",1.04859236
"01005",1.04859236
"01007",1.04859236
"01009",1.47970727
"01011",1.04859236
"01013",1.04859236
"01015",1.4828917
"01017",1.27102984
"01019",1.4828917
"01021",1.04859236
"01023",1.04859236
"01025",1.04859236
"01027",1.27102984
"01029",1.27102984
"01031",1.04859236
"01033",1.4828917
"01035",1.04859236
"01037",1.27102984
"01039",1.04859236
"01041",1.04859236
"01043",1.47970727
"01045",1.04859236
"01047",1.04859236
"01049",1.47970727
"01051",1.04859236
"01053",1.04859236
"01055",1.4828917
"01057",1.04859236
"01059",1.04859236
"01061",1.04859236
"01063",1.04859236
"01065",1.04859236
"01067",1.04859236
"01069",1.04859236
"01071",1.47970727
"01073",1.47970727
"01075",1.04859236
"01077",1.51604374
"01079",1.4828917
"01081",1.27102984
"01083",1.51604374
"01085",1.79747842
"01087",1.04859236
"01089",1.4828917
"01091",1.04859236
"01093",1.04859236
"01095",1.47970727
"01097",1.04859236
"01099",1.04859236
"01101",1.79747842
"01103",1.4828917
"01105",1.04859236
"01107",1.04859236
"01109",1.04859236
"01111",1.27102984
"01113",1.04859236
"01115",1.4828917
"01117",1.4828917
"01119",1.79747842
"01121",1.4828917
"01123",1.27102984
"01125",1.04859236
"01127",1.47970727
"01129",1.04859236
"01131",1.04859236
"01133",1.47970727
"04001",0.53653683
"04003",0.9254029
"04005",0.53653683
"04007",0.53653683
"04009",0.9254029
"04011",0.53653683
"04012",0.65724031
"04013",0.65724031
"04015",0.53653683
"04017",0.53653683
"04019",0.65724031
"04021",0.65724031
"04023",0.9254029
"04025",0.53653683
"04027",0.65724031
"05001",1.47515377
"05003",1.47515377
"05005",1.47970727
"05007",1.47970727
"05009",1.47970727
"05011",1.27102984
"05013",1.27102984
"05015",1.47970727
"05017",1.56662177
"05019",1.27102984
"05021",1.56662177
"05023",1.47970727
"05025",1.27102984
"05027",1.27102984
"05029",1.47970727
"05031",1.56662177
"05033",1.47970727
"05035",1.56662177
"05037",1.59500653
"05039",1.27102984
"05041",1.56662177
"05043",1.27102984
"05045",1.47970727
"05047",1.47970727
"05049",1.47970727
"05051",1.47970727
"05053",1.27102984
"05055",1.56662177
"05057",1.27102984
"05059",1.47970727
"05061",1.27102984
"05063",1.47970727
"05065",1.47970727
"05067",1.56662177
"05069",1.62672712
"05071",1.47970727
"05073",1.27102984
"05075",1.56662177
"05077",1.59500653
"05079",1.62672712
"05081",1.27102984
"05083",1.47970727
"05085",1.47515377
"05087",1.47970727
"05089",1.47970727
"05091",1.27102984
"05093",1.56662177
"05095",1.56662177
"05097",1.47970727
"05099",1.27102984
"05101",1.47970727
"05103",1.27102984
"05105",1.47970727
"05107",1.56662177
"05109",1.47970727
"05111",1.56662177
"05113",1.47970727
"05115",1.47970727
"05117",1.47515377
"05119",1.27102984
"05121",1.47970727
"05123",1.59500653
"05125",1.47970727
"05127",1.47970727
"05129",1.47970727
"05131",1.47970727
"05133",1.27102984
"05135",1.47970727
"05137",1.47970727
"05139",1.27102984
"05141",1.47970727
"05143",1.47970727
"05145",1.47970727
"05147",1.56662177
"05149",1.47970727
"06001",0.91041491
"06003",0.51042776
"06005",0.51042776
"06007",0.88853752
"06009",0.88853752
"06011",0.91464659
"06013",0.91041491
"06015",0.54198017
"06017",0.51042776
"06019",0.91464659
"06021",0.91464659
"06023",0.54198017
"06025",0.74496061
"06027",0.53653683
"06029",0.91464659
"06031",0.91464659
"06033",0.88430584
"06035",0.53653683
"06037",0.91417482
"06039",0.91464659
"06041",0.88430584
"06043",0.51042776
"06045",0.54198017
"06047",0.91464659
"06049",0.53653683
"06051",0.53653683
"06053",0.91041491
"06055",0.88430584
"06057",0.51042776
"06059",0.91417482
"06061",0.88853752
"06063",0.51042776
"06065",0.74496061
"06067",0.91464659
"06069",0.91041491
"06071",0.53653683
"06073",0.91417482
"06075",0.88430584
"06077",0.91464659
"06079",0.91041491
"06081",0.88430584
"06083",0.91041491
"06085",0.91041491
"06087",0.88430584
"06089",0.51042776
"06091",0.51042776
"06093",0.54198017
"06095",0.91464659
"06097",0.88430584
"06099",0.91464659
"06101",0.91464659
"06103",0.88853752
"06105",0.54198017
"06107",0.91464659
"06109",0.51042776
"06111",0.91041491
"06113",0.91464659
"06115",0.88853752
"08001",0.51308535
"08003",0.33846668
"08005",0.51308535
"08007",0.38105922
"08009",0.51308535
"08011",0.61283626
"08013",0.32824512
"08014",0.51308535
"08015",0.32824512
"08017",0.51308535
"08019",0.30213605
"08021",0.33846668
"08023",0.33846668
"08025",0.61283626
"08027",0.32824512
"08029",0.38105922
"08031",0.51308535
"08033",0.38105922
"08035",0.34144488
"08037",0.32824512
"08039",0.34144488
"08041",0.34144488
"08043",0.32824512
"08045",0.32824512
"08047",0.30213605
"08049",0.30213605
"08051",0.32824512
"08053",0.30213605
"08055",0.34144488
"08057",0.31533581
"08059",0.32824512
"08061",0.61283626
"08063",0.51308535
"08065",0.32824512
"08067",0.38105922
"08069",0.32824512
"08071",0.61283626
"08073",0.51308535
"08075",1.10922812
"08077",0.38105922
"08079",0.30213605
"08081",0.53653683
"08083",0.38105922
"08085",0.38105922
"08087",0.51308535
"08089",0.61283626
"08091",0.30213605
"08093",0.32824512
"08095",1.10922812
"08097",0.30213605
"08099",0.51308535
"08101",0.61283626
"08103",0.53653683
"08105",0.32824512
"08107",0.32824512
"08109",0.32824512
"08111",0.30213605
"08113",0.38105922
"08115",1.10922812
"08117",0.30213605
"08119",0.30213605
"08121",0.51308535
"08123",0.51308535
"08125",1.10922812
"09001",1.40780831
"09003",1.40780831
"09005",1.40780831
"09007",1.40780831
"09009",1.40780831
"09011",1.40780831
"09013",1.40780831
"09015",1.40780831
"10001",1.21315297
"10003",1.21315297
"10005",0.9583817
"11001",1.1649705
"12001",1.19957699
"12003",1.08120969
"12005",1.04859236
"12007",1.08120969
"12009",1.19957699
"12011",1.19957699
"12013",1.04859236
"12015",1.19957699
"12017",1.19957699
"12019",1.08120969
"12021",1.19957699
"12023",1.01201816
"12027",1.19957699
"12029",1.19957699
"12031",1.08120969
"12033",1.04859236
"12035",1.19957699
"12037",1.19957699
"12039",1.04859236
"12041",1.01201816
"12043",1.19957699
"12045",1.19957699
"12047",1.01201816
"12049",1.19957699
"12051",1.19957699
"12053",1.19957699
"12055",1.19957699
"12057",1.19957699
"12059",1.04859236
"12061",1.19957699
"12063",1.04859236
"12065",1.04859236
"12067",1.19957699
"12069",1.19957699
"12071",1.19957699
"12073",1.04859236
"12075",1.19957699
"12077",1.19957699
"12079",1.04859236
"12081",1.19957699
"12083",1.19957699
"12085",1.19957699
"12086",1.19957699
"12087",1.19957699
"12089",1.08120969
"12091",1.04859236
"12093",1.19957699
"12095",1.19957699
"12097",1.19957699
"12099",1.19957699
"12101",1.19957699
"12103",1.19957699
"12105",1.19957699
"12107",1.19957699
"12109",1.19957699
"12111",1.19957699
"12113",1.04859236
"12115",1.19957699
"12117",1.19957699
"12119",1.19957699
"12121",1.01201816
"12123",1.19957699
"12125",1.08120969
"12127",1.19957699
"12129",1.19957699
"12131",1.04859236
"12133",1.04859236
"13001",1.08120969
"13003",1.08120969
"13005",1.08120969
"13007",1.04859236
"13009",1.27102984
"13011",1.27102984
"13013",1.27102984
"13015",1.4828917
"13017",1.04859236
"13019",1.04859236
"13021",1.27102984
"13023",1.04859236
"13025",1.08120969
"13027",1.04859236
"13029",1.08120969
"13031",1.04859236
"13033",1.04859236
"13035",1.27102984
"13037",1.04859236
"13039",1.08120969
"13043",1.04859236
"13045",1.27102984
"13047",1.4828917
"13049",1.08120969
"13051",1.07578905
"13053",1.04859236
"13055",1.4828917
"13057",1.47970727
"13059",1.27102984
"13061",1.04859236
"13063",1.27102984
"13065",1.08120969
"13067",1.27102984
"13069",1.04859236
"13071",1.04859236
"13073",1.27102984
"13075",1.04859236
"13077",1.27102984
"13079",1.27102984
"13081",1.04859236
"13083",1.4828917
"13085",1.27102984
"13087",1.04859236
"13089",1.27102984
"13091",1.04859236
"13093",1.04859236
"13095",1.04859236
"13097",1.27102984
"13099",1.04859236
"13101",1.08120969
"13103",1.08120969
"13105",1.27102984
"13107",1.04859236
"13109",1.04859236
"13111",1.47970727
"13113",1.27102984
"13115",1.4828917
"13117",1.27102984
"13119",1.27102984
"13121",1.27102984
"13123",1.47970727
"13125",1.27102984
"13127",1.08120969
"13129",1.4828917
"13131",1.04859236
"13133",1.27102984
"13135",1.27102984
"13137",1.27102984
"13139",1.27102984
"13141",1.27102984
"13143",1.27102984
"13145",1.27102984
"13147",1.27102984
"13149",1.27102984
"13151",1.27102984
"13153",1.04859236
"13155",1.04859236
"13157",1.27102984
"13159",1.27102984
"13161",1.08120969
"13163",1.04859236
"13165",1.04859236
"13167",1.04859236
"13169",1.27102984
"13171",1.27102984
"13173",1.08120969
"13175",1.04859236
"13177",1.04859236
"13179",1.08120969
"13181",1.27102984
"13183",1.08120969
"13185",1.04859236
"13187",1.27102984
"13189",1.27102984
"13191",1.07578905
"13193",1.04859236
"13195",1.27102984
"13197",1.27102984
"13199",1.27102984
"13201",1.04859236
"13205",1.04859236
"13207",1.27102984
"13209",1.04859236
"13211",1.27102984
"13213",1.4828917
"13215",1.27102984
"13217",1.27102984
"13219",1.27102984
"13221",1.27102984
"13223",1.27102984
"13225",1.04859236
"13227",1.47970727
"13229",1.08120969
"13231",1.27102984
"13233",1.4828917
"13235",1.04859236
"13237",1.27102984
"13239",1.04859236
"13241",1.47970727
"13243",1.04859236
"13245",1.27102984
"13247",1.27102984
"13249",1.27102984
"13251",1.04859236
"13253",1.04859236
"13255",1.27102984
"13257",1.27102984
"13259",1.04859236
"13261",1.04859236
"13263",1.27102984
"13265",1.27102984
"13267",1.04859236
"13269",1.27102984
"13271",1.04859236
"13273",1.04859236
"13275",1.04859236
"13277",1.04859236
"13279",1.04859236
"13281",1.47970727
"13283",1.04859236
"13285",1.27102984
"13287",1.04859236
"13289",1.04859236
"13291",1.47970727
"13293",1.27102984
"13295",1.4828917
"13297",1.27102984
"13299",1.08120969
"13301",1.27102984
"13303",1.04859236
"13305",1.08120969
"13307",1.04859236
"13309",1.04859236
"13311",1.27102984
"13313",1.4828917
"13315",1.04859236
"13317",1.27102984
"13319",1.04859236
"13321",1.04859236
"16001",0.80095587
"16003",0.31533581
"16005",0.64771824
"16007",0.45240812
"16009",0.4743035
"16011",0.80095587
"16013",0.41640757
"16015",0.42629905
"16017",0.31533581
"16019",0.45240812
"16021",0.4743035
"16023",0.42713845
"16025",0.45240812
"16027",0.80095587
"16029",0.64771824
"16031",0.53653683
"16033",0.42713845
"16035",0.4743035
"16037",0.45240812
"16039",0.80095587
"16041",0.64771824
"16043",0.42629905
"16045",0.41640757
"16047",0.80095587
"16049",0.42629905
"16051",0.80095587
"16053",0.80095587
"16055",0.4743035
"16057",0.4743035
"16059",0.45240812
"16061",0.55210248
"16063",0.80095587
"16065",0.64771824
"16067",0.80095587
"16069",0.55210248
"16071",0.64771824
"16073",0.53653683
"16075",0.80095587
"16077",0.64771824
"16079",0.4743035
"16081",0.62160917
"16083",0.53653683
"16085",0.42629905
"16087",0.41640757
"17001",1.20302606
"17003",1.4073886
"17005",1.30585409
"17007",0.96184651
"17009",1.20302606
"17011",1.31114511
"17013",1.20302606
"17015",1.23310467
"17017",1.20302606
"17019",1.31114511
"17021",1.23310467
"17023",1.35791659
"17025",1.45177154
"17027",1.30585409
"17029",1.31114511
"17031",1.23576932
"17033",1.45177154
"17035",1.45177154
"17037",1.31114511
"17039",1.31114511
"17041",1.31114511
"17043",1.23576932
"17045",1.31114511
"17047",1.45177154
"17049",1.45177154
"17051",1.45177154
"17053",1.23576932
"17055",1.45177154
"17057",1.20302606
"17059",1.35791659
"17061",1.20302606
"17063",1.23576932
"17065",1.45177154
"17067",1.20302606
"17069",1.60392697
"17071",1.20302606
"17073",1.23310467
"17075",1.23576932
"17077",1.30585409
"17079",1.45177154
"17081",1.45177154
"17083",1.20302606
"17085",0.77368596
"17087",1.60392697
"17089",0.96184651
"17091",1.23576932
"17093",1.31114511
"17095",1.20302606
"17097",1.23576932
"17099",1.31114511
"17101",1.35791659
"17103",1.23310467
"17105",1.23576932
"17107",1.23310467
"17109",1.23310467
"17111",0.96184651
"17113",1.31114511
"17115",1.31114511
"17117",1.30585409
"17119",1.30585409
"17121",1.45177154
"17123",1.31114511
"17125",1.20302606
"17127",1.59500653
"17129",1.20302606
"17131",1.23310467
"17133",1.4073886
"17135",1.30585409
"17137",1.23310467
"17139",1.31114511
"17141",1.23310467
"17143",1.20302606
"17145",1.45177154
"17147",1.31114511
"17149",1.20302606
"17151",1.60392697
"17153",1.59500653
"17155",1.20302606
"17157",1.30585409
"17159",1.45177154
"17161",1.20302606
"17163",1.30585409
"17165",1.45177154
"17167",1.23310467
"17169",1.20302606
"17171",1.20302606
"17173",1.45177154
"17175",1.23310467
"17177",0.96184651
"17179",1.20302606
"17181",1.60392697
"17183",1.23576932
"17185",1.35791659
"17187",1.23310467
"17189",1.45177154
"17191",1.45177154
"17193",1.45177154
"17195",1.23310467
"17197",1.23576932
"17199",1.45177154
"17201",0.96184651
"17203",1.31114511
"18001",0.89560773
"18003",0.89560773
"18005",1.23126569
"18007",1.28220677
"18009",0.89560773
"18011",1.23126569
"18013",1.47970727
"18015",1.28220677
"18017",1.01319145
"18019",1.30585409
"18021",1.14245609
"18023",1.28220677
"18025",1.47970727
"18027",1.35791659
"18029",1.47970727
"18031",1.23126569
"18033",0.89560773
"18035",0.89560773
"18037",1.47970727
"18039",1.01319145
"18041",1.23126569
"18043",1.51604374
"18045",1.28220677
"18047",1.30585409
"18049",1.01319145
"18051",1.35791659
"18053",0.89560773
"18055",1.14245609
"18057",1.23126569
"18059",1.23126569
"18061",1.51604374
"18063",1.23126569
"18065",1.23126569
"18067",1.23126569
"18069",0.89560773
"18071",1.30585409
"18073",1.01319145
"18075",0.89560773
"18077",1.30585409
"18079",1.30585409
"18081",1.23126569
"18083",1.35791659
"18085",1.01319145
"18087",0.81415267
"18089",1.23576932
"18091",0.81415267
"18093",1.51604374
"18095",1.23126569
"18097",1.23126569
"18099",1.01319145
"18101",1.47970727
"18103",0.89560773
"18105",1.47970727
"18107",1.28220677
"18109",1.14245609
"18111",0.81415267
"18113",1.01319145
"18115",1.47970727
"18117",1.47970727
"18119",1.14245609
"18121",1.28220677
"18123",1.47970727
"18125",1.35791659
"18127",1.23576932
"18129",1.35791659
"18131",0.81415267
"18133",1.28220677
"18135",1.23126569
"18137",1.30585409
"18139",1.23126569
"18141",0.81415267
"18143",1.30585409
"18145",1.23126569
"18147",1.47970727
"18149",0.81415267
"18151",1.01319145
"18153",1.35791659
"18155",1.47970727
"18157",1.28220677
"18159",1.23126569
"18161",1.28220677
"18163",1.35791659
"18165",1.31114511
"18167",1.35791659
"18169",0.89560773
"18171",1.28220677
"18173",1.35791659
"18175",1.51604374
"18177",1.23126569
"18179",0.89560773
"18181",1.01319145
"18183",0.89560773
"19001",1.43016982
"19003",1.43016982
"19005",0.77368596
"19007",1.318662
"19009",1.26077659
"19011",0.92790712
"19013",0.92790712
"19015",0.9134513
"19017",0.92790712
"19019",0.92790712
"19021",0.9134513
"19023",0.92790712
"19025",0.9134513
"19027",1.26077659
"19029",1.26077659
"19031",1.07005832
"19033",0.92790712
"19035",1.07211101
"19037",0.92790712
"19039",1.318662
"19041",1.07211101
"19043",0.77368596
"19045",0.77368596
"19047",1.26077659
"19049",0.9134513
"19051",1.318662
"19053",1.318662
"19055",0.92790712
"19057",1.07005832
"19059",0.9134513
"19061",0.77368596
"19063",0.9134513
"19065",0.92790712
"19067",0.92790712
"19069",0.9134513
"19071",1.26077659
"19073",0.9134513
"19075",0.92790712
"19077",1.43016982
"19079",0.9134513
"19081",0.9134513
"19083",0.9134513
"19085",1.26077659
"19087",1.07005832
"19089",0.92790712
"19091",0.9134513
"19093",1.26077659
"19095",1.07005832
"19097",0.77368596
"19099",1.07005832
"19101",1.07005832
"19103",1.07005832
"19105",0.92790712
"19107",1.07005832
"19109",0.9134513
"19111",1.318662
"19113",0.92790712
"19115",1.20302606
"19117",1.318662
"19119",0.98946858
"19121",1.43016982
"19123",1.07005832
"19125",1.07005832
"19127",1.07005832
"19129",1.26077659
"19131",0.92790712
"19133",1.26077659
"19135",1.318662
"19137",1.26077659
"19139",1.07005832
"19141",1.07211101
"19143",1.07211101
"19145",1.43016982
"19147",0.9134513
"19149",1.07211101
"19151",0.9134513
"19153",0.9134513
"19155",1.26077659
"19157",1.07005832
"19159",1.318662
"19161",0.9134513
"19163",1.07005832
"19165",1.26077659
"19167",1.07211101
"19169",0.9134513
"19171",0.92790712
"19173",1.43016982
"19175",1.43016982
"19177",1.318662
"19179",1.318662
"19181",1.43016982
"19183",1.07005832
"19185",1.318662
"19187",0.9134513
"19189",0.9134513
"19191",0.77368596
"19193",1.26077659
"19195",0.92790712
"19197",0.9134513
"20001",1.46225059
"20003",1.46225059
"20005",1.37795388
"20007",0.82702831
"20009",1.18425257
"20011",1.46225059
"20013",1.37795388
"20015",1.48528633
"20017",1.48528633
"20019",1.48757777
"20021",1.46225059
"20023",1.10922812
"20025",0.85313738
"20027",1.35701641
"20029",1.35701641
"20031",1.46225059
"20033",0.85313738
"20035",1.48528633
"20037",1.46225059
"20039",1.21036164
"20041",1.35701641
"20043",1.37795388
"20045",1.37795388
"20047",1.09004778
"20049",1.48528633
"20051",1.21036164
"20053",1.35701641
"20055",1.10922812
"20057",1.21036164
"20059",1.46225059
"20061",1.48528633
"20063",1.10922812
"20065",1.21036164
"20067",1.10922812
"20069",1.21036164
"20071",1.10922812
"20073",1.48528633
"20075",1.10922812
"20077",0.86534311
"20079",1.35701641
"20081",1.10922812
"20083",1.21036164
"20085",1.37795388
"20087",1.37795388
"20089",1.18425257
"20091",1.46225059
"20093",1.10922812
"20095",1.06393871
"20097",1.21036164
"20099",1.46225059
"20101",1.10922812
"20103",1.37795388
"20105",1.18425257
"20107",1.46225059
"20109",1.10922812
"20111",1.46225059
"20113",1.35701641
"20115",1.35701641
"20117",1.37795388
"20119",1.09706213
"20121",1.46225059
"20123",1.18425257
"20125",1.46225059
"20127",1.48528633
"20129",1.10922812
"20131",1.37795388
"20133",1.46225059
"20135",1.21036164
"20137",1.21036164
"20139",1.46225059
"20141",1.18425257
"20143",1.35701641
"20145",1.21036164
"20147",1.21036164
"20149",1.48528633
"20151",1.06393871
"20153",1.10922812
"20155",1.06393871
"20157",1.24272564
"20159",1.06393871
"20161",1.48528633
"20163",1.21036164
"20165",1.21036164
"20167",1.18425257
"20169",1.35701641
"20171",1.10922812
"20173",1.06393871
"20175",1.19255313
"20177",1.37795388
"20179",1.10922812
"20181",1.10922812
"20183",1.18425257
"20185",1.06393871
"20187",1.10922812
"20189",1.19255313
"20191",0.86534311
"20193",1.10922812
"20195",1.21036164
"20197",1.48528633
"20199",1.10922812
"20201",1.24272564
"20203",1.10922812
"20205",1.46225059
"20207",1.46225059
"20209",1.26077659
"21001",1.51604374
"21003",1.51604374
"21005",1.47970727
"21007",1.59500653
"21009",1.51604374
"21011",1.47970727
"21013",1.47970727
"21015",1.47970727
"21017",1.47970727
"21019",1.47970727
"21021",1.47970727
"21023",1.47970727
"21025",1.47970727
"21027",1.60392697
"21029",1.51604374
"21031",1.60392697
"21033",1.60392697
"21035",1.59500653
"21037",1.47970727
"21039",1.59500653
"21041",1.47970727
"21043",1.47970727
"21045",1.51604374
"21047",1.60392697
"21049",1.47970727
"21051",1.47970727
"21053",1.51604374
"21055",1.60392697
"21057",1.51604374
"21059",1.60392697
"21061",1.60392697
"21063",1.47970727
"21065",1.47970727
"21067",1.47970727
"21069",1.47970727
"21071",1.47970727
"21073",1.47970727
"21075",1.59500653
"21077",1.47970727
"21079",1.47970727
"21081",1.47970727
"21083",1.59500653
"21085",1.60392697
"21087",1.51604374
"21089",1.47970727
"21091",1.60392697
"21093",1.51604374
"21095",1.47970727
"21097",1.47970727
"21099",1.51604374
"21101",1.60392697
"21103",1.47970727
"21105",1.59500653
"21107",1.60392697
"21109",1.47970727
"21111",1.47970727
"21113",1.47970727
"21115",1.47970727
"21117",1.47970727
"21119",1.47970727
"21121",1.47970727
"21123",1.51604374
"21125",1.47970727
"21127",1.47970727
"21129",1.47970727
"21131",1.47970727
"21133",1.47970727
"21135",1.47970727
"21137",1.51604374
"21139",1.60392697
"21141",1.51604374
"21143",1.51604374
"21145",1.59500653
"21147",1.47970727
"21149",1.60392697
"21151",1.47970727
"21153",1.47970727
"21155",1.51604374
"21157",1.59500653
"21159",1.47970727
"21161",1.47970727
"21163",1.51604374
"21165",1.47970727
"21167",1.47970727
"21169",1.51604374
"21171",1.51604374
"21173",1.47970727
"21175",1.47970727
"21177",1.60392697
"21179",1.47970727
"21181",1.47970727
"21183",1.60392697
"21185",1.47970727
"21187",1.47970727
"21189",1.47970727
"21191",1.47970727
"21193",1.47970727
"21195",1.47970727
"21197",1.47970727
"21199",1.51604374
"21201",1.47970727
"21203",1.47970727
"21205",1.47970727
"21207",1.51604374
"21209",1.47970727
"21211",1.47970727
"21213",1.51604374
"21215",1.47970727
"21217",1.51604374
"21219",1.60392697
"21221",1.51604374
"21223",1.47970727
"21225",1.60392697
"21227",1.51604374
"21229",1.47970727
"21231",1.47970727
"21233",1.60392697
"21235",1.47970727
"21237",1.47970727
"21239",1.47970727
"22001",1.92656721
"22003",1.19957699
"22005",1.56662177
"22007",1.56662177
"22009",1.73910355
"22011",1.19957699
"22013",1.27102984
"22015",1.27102984
"22017",1.27102984
"22019",1.92656721
"22021",1.27102984
"22023",1.19957699
"22025",1.56662177
"22027",1.27102984
"22029",1.56662177
"22031",1.27102984
"22033",1.59500653
"22035",1.56662177
"22037",1.59500653
"22039",1.92656721
"22041",1.59500653
"22043",1.27102984
"22045",1.56662177
"22047",1.56662177
"22049",1.27102984
"22051",1.19957699
"22053",1.92656721
"22055",1.59500653
"22057",1.19957699
"22059",1.27102984
"22061",1.27102984
"22063",1.59500653
"22065",1.56662177
"22067",1.62672712
"22069",1.27102984
"22071",1.19957699
"22073",1.62672712
"22075",1.19957699
"22077",1.56662177
"22079",1.27102984
"22081",1.27102984
"22083",1.59500653
"22085",1.27102984
"22087",1.19957699
"22089",1.19957699
"22091",1.04859236
"22093",1.56662177
"22095",1.56662177
"22097",1.56662177
"22099",1.56662177
"22101",1.56662177
"22103",1.19957699
"22105",1.04859236
"22107",1.56662177
"22109",1.19957699
"22111",1.27102984
"22113",1.19957699
"22115",1.27102984
"22117",1.04859236
"22119",1.27102984
"22121",1.56662177
"22123",1.59500653
"22125",1.59500653
"22127",1.27102984
"23001",1.40780831
"23003",1.40780831
"23005",1.40780831
"23007",1.40780831
"23009",1.40780831
"23011",1.40780831
"23013",1.40780831
"23015",1.40780831
"23017",1.40780831
"23019",1.40780831
"23021",1.40780831
"23023",1.40780831
"23025",1.40780831
"23027",1.40780831
"23029",1.40780831
"23031",1.40780831
"24001",1.14542121
"24003",1.1649705
"24005",1.14542121
"24009",1.1649705
"24011",1.21315297
"24013",1.14542121
"24015",1.1649705
"24017",1.1649705
"24019",0.9583817
"24021",1.14542121
"24023",1.47970727
"24025",1.14542121
"24027",1.14542121
"24029",1.21315297
"24031",1.14542121
"24033",1.1649705
"24035",1.21315297
"24037",1.1649705
"24039",0.9583817
"24041",1.21315297
"24043",1.14542121
"24045",0.9583817
"24047",0.9583817
"24510",1.14542121
"25001",1.14542121
"25003",1.40780831
"25005",1.40780831
"25007",1.14542121
"25009",1.40780831
"25011",1.40780831
"25013",1.40780831
"25015",1.40780831
"25017",1.40780831
"25019",1.14542121
"25021",1.40780831
"25023",1.40780831
"25025",1.40780831
"25027",1.40780831
"26001",0.76240794
"26003",0.76240794
"26005",0.77567262
"26007",0.76240794
"26009",0.7729697
"26011",0.76240794
"26013",0.76240794
"26015",0.81415267
"26017",0.70335097
"26019",0.7729697
"26021",0.77567262
"26023",0.81415267
"26025",0.81415267
"26027",0.81415267
"26029",0.7729697
"26031",0.76240794
"26033",0.76240794
"26035",0.76240794
"26037",0.81415267
"26039",0.76240794
"26041",0.76240794
"26043",0.76240794
"26045",0.81415267
"26047",0.76240794
"26049",0.81415267
"26051",0.76240794
"26053",0.76240794
"26055",0.7729697
"26057",0.70335097
"26059",0.89560773
"26061",0.76240794
"26063",0.70335097
"26065",0.81415267
"26067",0.81415267
"26069",0.76240794
"26071",0.86106435
"26073",0.81415267
"26075",0.81415267
"26077",0.81415267
"26079",0.76240794
"26081",0.81415267
"26083",0.76240794
"26085",0.76240794
"26087",0.81415267
"26089",0.7729697
"26091",0.89560773
"26093",0.81415267
"26095",0.76240794
"26097",0.76240794
"26099",0.70335097
"26101",0.76240794
"26103",0.76240794
"26105",0.81415267
"26107",0.81415267
"26109",0.69853858
"26111",0.70335097
"26113",0.76240794
"26115",0.70335097
"26117",0.81415267
"26119",0.76240794
"26121",0.81415267
"26123",0.81415267
"26125",0.89560773
"26127",0.81415267
"26129",0.76240794
"26131",0.76240794
"26133",0.76240794
"26135",0.76240794
"26137",0.76240794
"26139",0.81415267
"26141",0.76240794
"26143",0.76240794
"26145",0.70335097
"26147",0.70335097
"26149",0.81415267
"26151",0.81415267
"26153",0.76240794
"26155",0.81415267
"26157",0.70335097
"26159",0.77567262
"26161",0.89560773
"26163",0.70335097
"26165",0.76240794
"27001",0.86106435
"27003",0.76240794
"27005",0.66611344
"27007",0.76240794
"27009",0.74609611
"27011",0.81918103
"27013",0.9134513
"27015",0.9134513
"27017",0.86106435
"27019",0.9134513
"27021",0.66611344
"27023",0.81918103
"27025",0.74609611
"27027",0.81242243
"27029",0.66611344
"27031",0.76240794
"27033",0.9134513
"27035",0.86106435
"27037",0.71437782
"27039",0.92790712
"27041",0.81918103
"27043",0.9134513
"27045",0.77368596
"27047",0.9134513
"27049",0.77368596
"27051",0.81918103
"27053",0.9134513
"27055",0.77368596
"27057",0.66611344
"27059",0.76240794
"27061",0.66611344
"27063",0.9134513
"27065",0.86106435
"27067",0.9134513
"27069",0.81242243
"27071",0.76240794
"27073",0.81918103
"27075",0.76240794
"27077",0.76240794
"27079",0.9134513
"27081",0.81918103
"27083",0.81918103
"27085",0.9134513
"27087",0.81918103
"27089",0.81242243
"27091",0.9134513
"27093",0.9134513
"27095",0.86106435
"27097",0.66611344
"27099",0.92790712
"27101",0.81918103
"27103",0.9134513
"27105",0.9134513
"27107",0.81242243
"27109",0.77368596
"27111",0.71437782
"27113",0.81242243
"27115",0.86106435
"27117",0.81918103
"27119",0.81242243
"27121",0.81918103
"27123",0.74609611
"27125",0.81242243
"27127",0.9134513
"27129",0.9134513
"27131",0.9134513
"27133",0.98946858
"27135",0.81242243
"27137",0.76240794
"27139",0.9134513
"27141",0.76240794
"27143",0.9134513
"27145",0.66611344
"27147",0.9134513
"27149",0.81918103
"27151",0.81918103
"27153",0.66611344
"27155",0.81242243
"27157",0.77368596
"27159",0.71437782
"27161",0.9134513
"27163",0.74609611
"27165",0.9134513
"27167",0.81242243
"27169",0.77368596
"27171",0.9134513
"27173",0.9134513
"28001",1.59500653
"28003",1.04859236
"28005",1.59500653
"28007",1.04859236
"28009",1.04859236
"28011",1.56662177
"28013",1.04859236
"28015",1.59500653
"28017",1.79747842
"28019",1.04859236
"28021",1.59500653
"28023",1.04859236
"28025",1.79747842
"28027",1.56662177
"28029",1.59500653
"28031",1.04859236
"28033",1.59500653
"28035",1.04859236
"28037",1.59500653
"28039",1.04859236
"28041",1.04859236
"28043",1.04859236
"28045",1.19957699
"28047",1.04859236
"28049",1.59500653
"28051",1.59500653
"28053",1.56662177
"28055",1.56662177
"28057",1.04859236
"28059",1.19957699
"28061",1.04859236
"28063",1.59500653
"28065",1.04859236
"28067",1.04859236
"28069",1.04859236
"28071",1.04859236
"28073",1.04859236
"28075",1.04859236
"28077",1.04859236
"28079",1.04859236
"28081",1.79747842
"28083",1.56662177
"28085",1.59500653
"28087",1.79747842
"28089",1.59500653
"28091",1.04859236
"28093",1.59500653
"28095",1.79747842
"28097",1.04859236
"28099",1.04859236
"28101",1.04859236
"28103",1.79747842
"28105",1.79747842
"28107",1.59500653
"28109",1.04859236
"28111",1.04859236
"28113",1.04859236
"28115",1.79747842
"28117",1.79747842
"28119",1.56662177
"28121",1.04859236
"28123",1.79747842
"28125",1.56662177
"28127",1.04859236
"28129",1.04859236
"28131",1.04859236
"28133",1.56662177
"28135",1.56662177
"28137",1.59500653
"28139",1.04859236
"28141",1.04859236
"28143",1.56662177
"28145",1.04859236
"28147",1.04859236
"28149",1.59500653
"28151",1.56662177
"28153",1.04859236
"28155",1.04859236
"28157",1.59500653
"28159",1.04859236
"28161",1.04859236
"28163",1.59500653
"29001",1.318662
"29003",1.26077659
"29005",1.26077659
"29007",1.45177154
"29009",1.47970727
"29011",1.46225059
"29013",1.46225059
"29015",1.47970727
"29017",1.47970727
"29019",1.4073886
"29021",1.26077659
"29023",1.56662177
"29025",1.318662
"29027",1.4073886
"29029",1.47970727
"29031",1.4073886
"29033",1.318662
"29035",1.47970727
"29037",1.46225059
"29039",1.56160739
"29041",1.318662
"29043",1.56160739
"29045",1.20302606
"29047",1.26077659
"29049",1.318662
"29051",1.4073886
"29053",1.4073886
"29055",1.47970727
"29057",1.56160739
"29059",1.47970727
"29061",1.318662
"29063",1.318662
"29065",1.47970727
"29067",1.47970727
"29069",1.56662177
"29071",1.47970727
"29073",1.47970727
"29075",1.318662
"29077",1.56160739
"29079",1.318662
"29081",1.318662
"29083",1.46225059
"29085",1.47970727
"29087",1.26077659
"29089",1.4073886
"29091",1.47970727
"29093",1.47970727
"29095",1.46225059
"29097",1.56160739
"29099",1.47970727
"29101",1.46225059
"29103",1.45177154
"29105",1.47970727
"29107",1.26077659
"29109",1.56160739
"29111",1.20302606
"29113",1.20302606
"29115",1.318662
"29117",1.318662
"29119",1.47970727
"29121",1.318662
"29123",1.47970727
"29125",1.47970727
"29127",1.20302606
"29129",1.318662
"29131",1.47970727
"29133",1.56662177
"29135",1.4073886
"29137",1.45177154
"29139",1.45177154
"29141",1.47970727
"29143",1.56662177
"29145",1.56160739
"29147",1.43016982
"29149",1.47970727
"29151",1.47970727
"29153",1.47970727
"29155",1.56662177
"29157",1.4073886
"29159",1.46225059
"29161",1.47970727
"29163",1.20302606
"29165",1.26077659
"29167",1.47970727
"29169",1.47970727
"29171",1.318662
"29173",1.20302606
"29175",1.318662
"29177",1.318662
"29179",1.47970727
"29181",1.47970727
"29183",1.20302606
"29185",1.47970727
"29186",1.47970727
"29187",1.47970727
"29189",1.4073886
"29195",1.26077659
"29197",1.318662
"29199",1.318662
"29201",1.56662177
"29203",1.47970727
"29205",1.45177154
"29207",1.56662177
"29209",1.47970727
"29211",1.318662
"29213",1.47970727
"29215",1.47970727
"29217",1.46225059
"29219",1.4073886
"29221",1.47970727
"29223",1.47970727
"29225",1.47970727
"29227",1.318662
"29229",1.47970727
"29510",1.4073886
"30001",0.45240812
"30003",0.40031143
"30005",0.41945956
"30007",0.45240812
"30009",0.45240812
"30011",0.62558673
"30013",0.41945956
"30015",0.41945956
"30017",0.40031143
"30019",0.71906662
"30021",0.40031143
"30023",0.45240812
"30025",0.40031143
"30027",0.40031143
"30029",0.4743035
"30031",0.42629905
"30033",0.40031143
"30035",0.31059342
"30037",0.40031143
"30039",0.45240812
"30041",0.41945956
"30043",0.45240812
"30045",0.33670249
"30047",0.31533581
"30049",0.45240812
"30051",0.41945956
"30053",0.4743035
"30055",0.40031143
"30057",0.45240812
"30059",0.45240812
"30061",0.4743035
"30063",0.42629905
"30065",0.40031143
"30067",0.42629905
"30069",0.40031143
"30071",0.41945956
"30073",0.41945956
"30075",0.40031143
"30077",0.45240812
"30079",0.40031143
"30081",0.45240812
"30083",0.71906662
"30085",0.71906662
"30087",0.40031143
"30089",0.4743035
"30091",0.71906662
"30093",0.45240812
"30095",0.40031143
"30097",0.45240812
"30099",0.33670249
"30101",0.41945956
"30103",0.40031143
"30105",0.41945956
"30107",0.33670249
"30109",0.90328758
"30111",0.40031143
"31001",1.24272564
"31003",0.98946858
"31005",0.76043192
"31007",0.63588682
"31009",0.73432285
"31011",0.98946858
"31013",0.59391766
"31015",0.59947766
"31017",0.73432285
"31019",1.03333688
"31021",1.26077659
"31023",1.24272564
"31025",1.37795388
"31027",0.98946858
"31029",1.10922812
"31031",0.76043192
"31033",1.10922812
"31035",1.24272564
"31037",0.98946858
"31039",0.98946858
"31041",1.03333688
"31043",0.98946858
"31045",0.59391766
"31047",1.03333688
"31049",1.10922812
"31051",0.98946858
"31053",0.98946858
"31055",1.26077659
"31057",1.10922812
"31059",1.24272564
"31061",1.18425257
"31063",1.21036164
"31065",1.21036164
"31067",1.37795388
"31069",0.76043192
"31071",0.73432285
"31073",1.18425257
"31075",0.76043192
"31077",1.03333688
"31079",1.03333688
"31081",1.24272564
"31083",1.18425257
"31085",1.10922812
"31087",1.10922812
"31089",0.73432285
"31091",0.76043192
"31093",1.03333688
"31095",1.37795388
"31097",1.37795388
"31099",1.24272564
"31101",1.10922812
"31103",0.59947766
"31105",1.10922812
"31107",0.98946858
"31109",1.37795388
"31111",0.76043192
"31113",0.76043192
"31115",0.73432285
"31117",0.76043192
"31119",0.98946858
"31121",1.03333688
"31123",0.63588682
"31125",0.98946858
"31127",1.37795388
"31129",1.24272564
"31131",1.37795388
"31133",1.37795388
"31135",1.10922812
"31137",1.24272564
"31139",0.98946858
"31141",0.98946858
"31143",1.24272564
"31145",1.21036164
"31147",1.37795388
"31149",0.73432285
"31151",1.24272564
"31153",1.26077659
"31155",1.37795388
"31157",0.63588682
"31159",1.24272564
"31161",0.76043192
"31163",1.03333688
"31165",0.59391766
"31167",0.98946858
"31169",1.24272564
"31171",0.76043192
"31173",0.98946858
"31175",1.03333688
"31177",1.26077659
"31179",0.98946858
"31181",1.24272564
"31183",0.73432285
"31185",1.24272564
"32001",0.39423608
"32003",0.53653683
"32005",0.53653683
"32007",0.53653683
"32009",0.53653683
"32011",0.53653683
"32013",0.53653683
"32015",0.53653683
"32017",0.53653683
"32019",0.39423608
"32021",0.53653683
"32023",0.53653683
"32027",0.39423608
"32029",0.53653683
"32031",0.53653683
"32033",0.53653683
"32510",0.53653683
"33001",1.40780831
"33003",1.40780831
"33005",1.40780831
"33007",1.40780831
"33009",1.40780831
"33011",1.40780831
"33013",1.40780831
"33015",1.40780831
"33017",1.40780831
"33019",1.40780831
"34001",0.9583817
"34003",1.40780831
"34005",0.9583817
"34007",1.1649705
"34009",0.9583817
"34011",1.1649705
"34013",1.40780831
"34015",1.1649705
"34017",1.40780831
"34019",1.14542121
"34021",1.14542121
"34023",1.1649705
"34025",1.1649705
"34027",1.40780831
"34029",0.9583817
"34031",1.40780831
"34033",1.1649705
"34035",1.14542121
"34037",1.40780831
"34039",1.40780831
"34041",1.40780831
"35001",0.53653683
"35003",0.53653683
"35005",0.53653683
"35006",0.53653683
"35007",0.62558673
"35009",0.94893802
"35011",0.62558673
"35013",0.53653683
"35015",0.53653683
"35017",0.53653683
"35019",0.62558673
"35021",0.62558673
"35023",0.9254029
"35025",0.77987109
"35027",0.62558673
"35028",0.32824512
"35029",0.53653683
"35031",0.53653683
"35033",0.62558673
"35035",0.53653683
"35037",0.62558673
"35039",0.38105922
"35041",0.77987109
"35043",0.38105922
"35045",0.53653683
"35047",0.62558673
"35049",0.38105922
"35051",0.53653683
"35053",0.53653683
"35055",0.32824512
"35057",0.62558673
"35059",0.62558673
"35061",0.53653683
"36001",0.95809025
"36003",1.40780831
"36005",1.40780831
"36007",1.40780831
"36009",1.40780831
"36011",0.95809025
"36013",1.40780831
"36015",1.40780831
"36017",1.40780831
"36019",1.40780831
"36021",1.40780831
"36023",1.40780831
"36025",1.40780831
"36027",1.40780831
"36029",0.95809025
"36031",1.40780831
"36033",1.40780831
"36035",1.40780831
"36037",0.95809025
"36039",1.40780831
"36041",1.40780831
"36043",1.40780831
"36045",1.40780831
"36047",1.14542121
"36049",1.40780831
"36051",0.95809025
"36053",0.95809025
"36055",0.95809025
"36057",0.95809025
"36059",1.14542121
"36061",1.40780831
"36063",0.95809025
"36065",0.95809025
"36067",0.95809025
"36069",0.95809025
"36071",1.40780831
"36073",0.95809025
"36075",0.95809025
"36077",1.40780831
"36079",1.40780831
"36081",1.14542121
"36083",1.40780831
"36085",1.14542121
"36087",1.40780831
"36089",1.40780831
"36091",1.40780831
"36093",0.95809025
"36095",1.40780831
"36097",1.40780831
"36099",0.95809025
"36101",1.40780831
"36103",1.14542121
"36105",1.40780831
"36107",1.40780831
"36109",1.40780831
"36111",1.40780831
"36113",1.40780831
"36115",1.40780831
"36117",0.95809025
"36119",1.40780831
"36121",1.40780831
"36123",1.40780831
"37001",1.27102984
"37003",1.27102984
"37005",1.47970727
"37007",1.27102984
"37009",1.47970727
"37011",1.47970727
"37013",1.08120969
"37015",1.08120969
"37017",1.08120969
"37019",1.08120969
"37021",1.47970727
"37023",1.27102984
"37025",1.27102984
"37027",1.47970727
"37029",1.07578905
"37031",1.07578905
"37033",1.27102984
"37035",1.27102984
"37037",1.27102984
"37039",1.47970727
"37041",1.07578905
"37043",1.47970727
"37045",1.27102984
"37047",1.08120969
"37049",1.08120969
"37051",1.04859236
"37053",1.07578905
"37055",1.07578905
"37057",1.27102984
"37059",1.27102984
"37061",1.04859236
"37063",1.27102984
"37065",1.04859236
"37067",1.27102984
"37069",1.27102984
"37071",1.27102984
"37073",1.08120969
"37075",1.47970727
"37077",1.27102984
"37079",1.04859236
"37081",1.27102984
"37083",1.04859236
"37085",1.04859236
"37087",1.47970727
"37089",1.47970727
"37091",1.08120969
"37093",1.27102984
"37095",1.07578905
"37097",1.27102984
"37099",1.47970727
"37101",1.04859236
"37103",1.08120969
"37105",1.27102984
"37107",1.04859236
"37109",1.27102984
"37111",1.47970727
"37113",1.47970727
"37115",1.47970727
"37117",1.08120969
"37119",1.27102984
"37121",1.47970727
"37123",1.27102984
"37125",1.27102984
"37127",1.04859236
"37129",1.08120969
"37131",1.04859236
"37133",1.08120969
"37135",1.27102984
"37137",1.07578905
"37139",1.07578905
"37141",1.08120969
"37143",1.07578905
"37145",1.27102984
"37147",1.08120969
"37149",1.27102984
"37151",1.27102984
"37153",1.27102984
"37155",1.04859236
"37157",1.27102984
"37159",1.27102984
"37161",1.27102984
"37163",1.04859236
"37165",1.04859236
"37167",1.27102984
"37169",1.27102984
"37171",1.27102984
"37173",1.47970727
"37175",1.47970727
"37177",1.07578905
"37179",1.27102984
"37181",1.27102984
"37183",1.27102984
"37185",1.27102984
"37187",1.07578905
"37189",1.47970727
"37191",1.04859236
"37193",1.27102984
"37195",1.04859236
"37197",1.27102984
"37199",1.47970727
"38001",0.90328758
"38003",0.84333227
"38005",0.84333227
"38007",0.62558673
"38009",0.61459708
"38011",0.90328758
"38013",0.71906662
"38015",0.84674269
"38017",0.81242243
"38019",0.58848801
"38021",0.84333227
"38023",0.84674269
"38025",0.90328758
"38027",0.84333227
"38029",0.84674269
"38031",0.84333227
"38033",0.90328758
"38035",0.81242243
"38037",0.90328758
"38039",0.84333227
"38041",0.90328758
"38043",0.84674269
"38045",0.84333227
"38047",0.84674269
"38049",0.61459708
"38051",0.84674269
"38053",0.90328758
"38055",0.84674269
"38057",0.90328758
"38059",0.90328758
"38061",0.84674269
"38063",0.84333227
"38065",0.90328758
"38067",0.81242243
"38069",0.61459708
"38071",0.58848801
"38073",0.84333227
"38075",0.61459708
"38077",0.81242243
"38079",0.58848801
"38081",0.84333227
"38083",0.84674269
"38085",0.90328758
"38087",0.90328758
"38089",0.90328758
"38091",0.84333227
"38093",0.86944134
"38095",0.58848801
"38097",0.81242243
"38099",0.81242243
"38101",0.58848801
"38103",0.86944134
"38105",0.71906662
"39001",1.47970727
"39003",0.89560773
"39005",1.13567729
"39007",1.40780831
"39009",1.47970727
"39011",0.89560773
"39013",1.47970727
"39015",1.14245609
"39017",1.28220677
"39019",1.47970727
"39021",1.23126569
"39023",1.23126569
"39025",1.14245609
"39027",1.28220677
"39029",1.40780831
"39031",1.47970727
"39033",1.13567729
"39035",1.40780831
"39037",1.23126569
"39039",0.70335097
"39041",0.89560773
"39043",1.40780831
"39045",1.13567729
"39047",1.23126569
"39049",1.23126569
"39051",0.70335097
"39053",1.47970727
"39055",1.40780831
"39057",1.28220677
"39059",1.47970727
"39061",1.47970727
"39063",0.89560773
"39065",0.89560773
"39067",1.47970727
"39069",0.70335097
"39071",1.14245609
"39073",1.47970727
"39075",1.47970727
"39077",1.13567729
"39079",1.47970727
"39081",1.47970727
"39083",1.14245609
"39085",1.40780831
"39087",1.47970727
"39089",1.14245609
"39091",0.89560773
"39093",1.40780831
"39095",0.70335097
"39097",1.23126569
"39099",1.40780831
"39101",0.89560773
"39103",1.40780831
"39105",1.47970727
"39107",0.89560773
"39109",1.23126569
"39111",1.47970727
"39113",1.23126569
"39115",1.47970727
"39117",1.13567729
"39119",1.47970727
"39121",1.47970727
"39123",0.70335097
"39125",0.70335097
"39127",1.47970727
"39129",1.23126569
"39131",1.47970727
"39133",1.40780831
"39135",1.23126569
"39137",0.70335097
"39139",1.40780831
"39141",1.23126569
"39143",0.70335097
"39145",1.47970727
"39147",0.89560773
"39149",0.89560773
"39151",1.40780831
"39153",1.40780831
"39155",1.40780831
"39157",1.47970727
"39159",0.89560773
"39161",0.89560773
"39163",1.47970727
"39165",1.28220677
"39167",1.47970727
"39169",1.40780831
"39171",0.89560773
"39173",0.70335097
"39175",0.89560773
"40001",1.47970727
"40003",0.86534311
"40005",1.47970727
"40007",1.09706213
"40009",0.85313738
"40011",0.86534311
"40013",1.48757777
"40015",0.86534311
"40017",0.86534311
"40019",1.48757777
"40021",1.47970727
"40023",1.27102984
"40025",1.19255313
"40027",1.48757777
"40029",1.47970727
"40031",0.86534311
"40033",0.86534311
"40035",1.46225059
"40037",1.48757777
"40039",0.82702831
"40041",1.47970727
"40043",0.85313738
"40045",1.09706213
"40047",0.86534311
"40049",0.86534311
"40051",0.86534311
"40053",0.86534311
"40055",1.0163458
"40057",1.0163458
"40059",0.85313738
"40061",1.47970727
"40063",1.47970727
"40065",0.85313738
"40067",0.86534311
"40069",1.48757777
"40071",0.86534311
"40073",0.86534311
"40075",0.85313738
"40077",1.47970727
"40079",1.47970727
"40081",1.48757777
"40083",0.86534311
"40085",1.48757777
"40087",0.86534311
"40089",1.47970727
"40091",1.47970727
"40093",0.82702831
"40095",1.48757777
"40097",1.46225059
"40099",1.48757777
"40101",1.46225059
"40103",0.86534311
"40105",1.46225059
"40107",1.46225059
"40109",1.48757777
"40111",1.46225059
"40113",1.48757777
"40115",1.46225059
"40117",0.86534311
"40119",0.86534311
"40121",1.47970727
"40123",1.48757777
"40125",1.48757777
"40127",1.47970727
"40129",0.85313738
"40131",1.46225059
"40133",1.48757777
"40135",1.47970727
"40137",1.48757777
"40139",1.19255313
"40141",0.85313738
"40143",1.46225059
"40145",1.46225059
"40147",1.46225059
"40149",0.82702831
"40151",0.85313738
"40153",0.85313738
"41001",0.41640757
"41003",0.54198017
"41005",0.54198017
"41007",0.54198017
"41009",0.54198017
"41011",0.54198017
"41013",0.41640757
"41015",0.54198017
"41017",0.56808924
"41019",0.54198017
"41021",0.6334761
"41023",0.34144488
"41025",0.53653683
"41027",0.54198017
"41029",0.54198017
"41031",0.41640757
"41033",0.54198017
"41035",0.56808924
"41037",0.53653683
"41039",0.54198017
"41041",0.54198017
"41043",0.54198017
"41045",0.53653683
"41047",0.54198017
"41049",0.6334761
"41051",0.54198017
"41053",0.54198017
"41055",0.6334761
"41057",0.54198017
"41059",0.31533581
"41061",0.31533581
"41063",0.55210248
"41065",0.60736703
"41067",0.54198017
"41069",0.41640757
"41071",0.54198017
"42001",1.14542121
"42003",1.47970727
"42005",1.47970727
"42007",1.47970727
"42009",1.14542121
"42011",1.14542121
"42013",1.14542121
"42015",1.40780831
"42017",1.14542121
"42019",1.47970727
"42021",1.47970727
"42023",1.47970727
"42025",1.14542121
"42027",1.14542121
"42029",1.14542121
"42031",1.47970727
"42033",1.47970727
"42035",1.47970727
"42037",1.14542121
"42039",1.40780831
"42041",1.14542121
"42043",1.14542121
"42045",1.14542121
"42047",1.47970727
"42049",1.40780831
"42051",1.47970727
"42053",1.47970727
"42055",1.14542121
"42057",1.14542121
"42059",1.47970727
"42061",1.14542121
"42063",1.47970727
"42065",1.47970727
"42067",1.14542121
"42069",1.40780831
"42071",1.14542121
"42073",1.40780831
"42075",1.14542121
"42077",1.14542121
"42079",1.40780831
"42081",1.47970727
"42083",1.47970727
"42085",1.40780831
"42087",1.14542121
"42089",1.40780831
"42091",1.14542121
"42093",1.14542121
"42095",1.14542121
"42097",1.14542121
"42099",1.14542121
"42101",1.1649705
"42103",1.40780831
"42105",1.47970727
"42107",1.14542121
"42109",1.14542121
"42111",1.47970727
"42113",1.40780831
"42115",1.40780831
"42117",1.40780831
"42119",1.14542121
"42121",1.40780831
"42123",1.47970727
"42125",1.47970727
"42127",1.40780831
"42129",1.47970727
"42131",1.40780831
"42133",1.14542121
"44001",1.40780831
"44003",1.40780831
"44005",1.40780831
"44007",1.40780831
"44009",1.40780831
"45001",1.27102984
"45003",1.27102984
"45005",1.04859236
"45007",1.27102984
"45009",1.08120969
"45011",1.04859236
"45013",1.07578905
"45015",1.08120969
"45017",1.04859236
"45019",1.07578905
"45021",1.27102984
"45023",1.27102984
"45025",1.27102984
"45027",1.04859236
"45029",1.08120969
"45031",1.04859236
"45033",1.04859236
"45035",1.08120969
"45037",1.27102984
"45039",1.27102984
"45041",1.08120969
"45043",1.08120969
"45045",1.27102984
"45047",1.27102984
"45049",1.08120969
"45051",1.08120969
"45053",1.08120969
"45055",1.27102984
"45057",1.27102984
"45059",1.27102984
"45061",1.04859236
"45063",1.27102984
"45065",1.27102984
"45067",1.04859236
"45069",1.04859236
"45071",1.27102984
"45073",1.27102984
"45075",1.04859236
"45077",1.27102984
"45079",1.27102984
"45081",1.27102984
"45083",1.27102984
"45085",1.04859236
"45087",1.27102984
"45089",1.08120969
"45091",1.27102984
"46003",0.95600981
"46005",0.95600981
"46007",0.59391766
"46009",0.95600981
"46011",0.81918103
"46013",0.84333227
"46015",0.98211888
"46017",0.8965706
"46019",0.36095787
"46021",0.84674269
"46023",0.95600981
"46025",0.81918103
"46027",1.05278266
"46029",0.81918103
"46031",0.90328758
"46033",0.62558673
"46035",0.95600981
"46037",0.81918103
"46039",0.81918103
"46041",0.63993177
"46043",0.95600981
"46045",0.84674269
"46047",0.36095787
"46049",0.84674269
"46051",0.81918103
"46053",0.87046153
"46055",0.63993177
"46057",0.81918103
"46059",0.98211888
"46061",0.95600981
"46063",0.62558673
"46065",1.10858598
"46067",0.95600981
"46069",1.10858598
"46071",0.59391766
"46073",1.08247691
"46075",0.63993177
"46077",0.81918103
"46079",1.05278266
"46081",0.59947766
"46083",1.05278266
"46085",0.63993177
"46087",0.95600981
"46089",0.84674269
"46091",0.81918103
"46093",0.36095787
"46095",0.8965706
"46097",0.95600981
"46099",0.98946858
"46101",0.98946858
"46103",0.36095787
"46105",0.90328758
"46107",1.10858598
"46109",0.81918103
"46111",0.95600981
"46113",0.59391766
"46115",0.86944134
"46117",0.63993177
"46119",1.10858598
"46121",0.62558673
"46123",0.8965706
"46125",1.05278266
"46127",0.98946858
"46129",0.84674269
"46135",0.95600981
"46137",0.90328758
"47001",1.4828917
"47003",1.47970727
"47005",1.51604374
"47007",1.47970727
"47009",1.4828917
"47011",1.4828917
"47013",1.47970727
"47015",1.47970727
"47017",1.04859236
"47019",1.47970727
"47021",1.51604374
"47023",1.04859236
"47025",1.4828917
"47027",1.51604374
"47029",1.47970727
"47031",1.51604374
"47033",1.59500653
"47035",1.47970727
"47037",1.47970727
"47039",1.04859236
"47041",1.47970727
"47043",1.51604374
"47045",1.59500653
"47047",1.59500653
"47049",1.47970727
"47051",1.51604374
"47053",1.59500653
"47055",1.47970727
"47057",1.4828917
"47059",1.4828917
"47061",1.47970727
"47063",1.4828917
"47065",1.4828917
"47067",1.4828917
"47069",1.59500653
"47071",1.04859236
"47073",1.4828917
"47075",1.59500653
"47077",1.04859236
"47079",1.59500653
"47081",1.51604374
"47083",1.51604374
"47085",1.51604374
"47087",1.47970727
"47089",1.4828917
"47091",1.47970727
"47093",1.4828917
"47095",1.56662177
"47097",1.59500653
"47099",1.51604374
"47101",1.51604374
"47103",1.47970727
"47105",1.4828917
"47107",1.4828917
"47109",1.04859236
"47111",1.51604374
"47113",1.59500653
"47115",1.47970727
"47117",1.47970727
"47119",1.47970727
"47121",1.4828917
"47123",1.4828917
"47125",1.51604374
"47127",1.47970727
"47129",1.47970727
"47131",1.59500653
"47133",1.47970727
"47135",1.51604374
"47137",1.51604374
"47139",1.47970727
"47141",1.51604374
"47143",1.4828917
"47145",1.4828917
"47147",1.51604374
"47149",1.47970727
"47151",1.47970727
"47153",1.47970727
"47155",1.47970727
"47157",1.59500653
"47159",1.47970727
"47161",1.51604374
"47163",1.4828917
"47165",1.51604374
"47167",1.59500653
"47169",1.47970727
"47171",1.47970727
"47173",1.4828917
"47175",1.47970727
"47177",1.51604374
"47179",1.4828917
"47181",1.51604374
"47183",1.59500653
"47185",1.51604374
"47187",1.47970727
"47189",1.47970727
"48001",1.27102984
"48003",0.77987109
"48005",1.27102984
"48007",1.19957699
"48009",0.89145218
"48011",0.94893802
"48013",1.4405907
"48015",1.92656721
"48017",0.94893802
"48019",1.57686496
"48021",1.72993038
"48023",0.85313738
"48025",1.4405907
"48027",1.48757777
"48029",1.51368684
"48031",1.55075589
"48033",1.0163458
"48035",1.48757777
"48037",1.27102984
"48039",1.92656721
"48041",1.72993038
"48043",0.53653683
"48045",1.0163458
"48047",1.57721091
"48049",1.09706213
"48051",1.72993038
"48053",1.55075589
"48055",1.48757777
"48057",1.19957699
"48059",1.09706213
"48061",1.71357263
"48063",1.27102984
"48065",0.94893802
"48067",1.27102984
"48069",0.94893802
"48071",1.92656721
"48073",1.27102984
"48075",1.0163458
"48077",0.86534311
"48079",0.94893802
"48081",1.0163458
"48083",1.09706213
"48085",1.48757777
"48087",1.0163458
"48089",1.92656721
"48091",1.55075589
"48093",1.48757777
"48095",1.09706213
"48097",1.48757777
"48099",1.48757777
"48101",1.0163458
"48103",0.53653683
"48105",1.49832563
"48107",0.94893802
"48109",0.53653683
"48111",1.06819728
"48113",1.48757777
"48115",0.94893802
"48117",0.94893802
"48119",1.48757777
"48121",1.48757777
"48123",1.41448163
"48125",1.0163458
"48127",1.57686496
"48129",1.0163458
"48131",1.57686496
"48133",1.48757777
"48135",0.77987109
"48137",1.60926044
"48139",1.48757777
"48141",0.53653683
"48143",1.48757777
"48145",1.48757777
"48147",1.48757777
"48149",1.72993038
"48151",1.0163458
"48153",0.94893802
"48155",1.0163458
"48157",1.92656721
"48159",1.48757777
"48161",1.72993038
"48163",1.4405907
"48165",0.94893802
"48167",1.92656721
"48169",1.0163458
"48171",1.58315137
"48173",1.49832563
"48175",1.41448163
"48177",1.72993038
"48179",1.09706213
"48181",1.48757777
"48183",1.27102984
"48185",1.72993038
"48187",1.72993038
"48189",0.94893802
"48191",1.0163458
"48193",1.48757777
"48195",1.19255313
"48197",1.0163458
"48199",1.19957699
"48201",1.92656721
"48203",1.27102984
"48205",1.06819728
"48207",0.85313738
"48209",1.55075589
"48211",1.09706213
"48213",1.27102984
"48215",1.71357263
"48217",1.48757777
"48219",0.94893802
"48221",1.48757777
"48223",1.48757777
"48225",1.27102984
"48227",0.94893802
"48229",0.53653683
"48231",1.48757777
"48233",1.09706213
"48235",1.49832563
"48237",1.07095306
"48239",1.92656721
"48241",1.27102984
"48243",0.53653683
"48245",1.92656721
"48247",1.57686496
"48249",1.57721091
"48251",1.48757777
"48253",0.85313738
"48255",1.4405907
"48257",1.48757777
"48259",1.55075589
"48261",1.57721091
"48263",1.0163458
"48265",1.57686496
"48267",1.60926044
"48269",1.0163458
"48271",1.57686496
"48273",1.57721091
"48275",0.85313738
"48277",1.48757777
"48279",0.94893802
"48281",1.48757777
"48283",1.57686496
"48285",1.48757777
"48287",1.72993038
"48289",1.72993038
"48291",1.19957699
"48293",1.48757777
"48295",1.09706213
"48297",1.57686496
"48299",1.57686496
"48301",0.53653683
"48303",0.94893802
"48305",0.94893802
"48307",1.60926044
"48309",1.48757777
"48311",1.57686496
"48313",1.72993038
"48315",1.27102984
"48317",0.94893802
"48319",1.57686496
"48321",1.92656721
"48323",1.57686496
"48325",1.4405907
"48327",1.60926044
"48329",0.77987109
"48331",1.48757777
"48333",1.51368684
"48335",1.0163458
"48337",1.48757777
"48339",1.27102984
"48341",1.19255313
"48343",1.27102984
"48345",1.0163458
"48347",1.27102984
"48349",1.48757777
"48351",1.27102984
"48353",1.0163458
"48355",1.95267628
"48357",1.19255313
"48359",0.62558673
"48361",1.92656721
"48363",1.07095306
"48365",1.27102984
"48367",1.48757777
"48369",0.94893802
"48371",1.49832563
"48373",1.27102984
"48375",1.09706213
"48377",0.53653683
"48379",1.48757777
"48381",0.94893802
"48383",1.49832563
"48385",1.57686496
"48387",1.48757777
"48389",0.53653683
"48391",1.92656721
"48393",1.09706213
"48395",1.72993038
"48397",1.48757777
"48399",1.0163458
"48401",1.27102984
"48403",1.27102984
"48405",1.27102984
"48407",1.27102984
"48409",1.92656721
"48411",1.60926044
"48413",1.60926044
"48415",1.0163458
"48417",1.09706213
"48419",1.27102984
"48421",1.19255313
"48423",1.27102984
"48425",1.48757777
"48427",1.71357263
"48429",1.09706213
"48431",1.49832563
"48433",1.0163458
"48435",1.60926044
"48437",0.94893802
"48439",1.48757777
"48441",0.85313738
"48443",1.49832563
"48445",0.94893802
"48447",1.09706213
"48449",1.48757777
"48451",1.49832563
"48453",1.55075589
"48455",1.27102984
"48457",1.27102984
"48459",1.27102984
"48461",1.49832563
"48463",1.4405907
"48465",1.49832563
"48467",1.48757777
"48469",1.92656721
"48471",1.27102984
"48473",1.92656721
"48475",0.53653683
"48477",1.48757777
"48479",1.57686496
"48481",1.92656721
"48483",0.85313738
"48485",0.89145218
"48487",0.85313738
"48489",1.71357263
"48491",1.48757777
"48493",1.4405907
"48495",0.53653683
"48497",1.48757777
"48499",1.27102984
"48501",0.94893802
"48503",1.07095306
"48505",1.57686496
"48507",1.4405907
"49001",0.49848948
"49003",0.49848948
"49005",0.34144488
"49007",0.32824512
"49009",0.34144488
"49011",0.49848948
"49013",0.34144488
"49015",0.38105922
"49017",0.53653683
"49019",0.38105922
"49021",0.49848948
"49023",0.49848948
"49025",0.53653683
"49027",0.49848948
"49029",0.31533581
"49031",0.34144488
"49033",0.34144488
"49035",0.49848948
"49037",0.53653683
"49039",0.34144488
"49041",0.34144488
"49043",0.31533581
"49045",0.49848948
"49047",0.38105922
"49049",0.34144488
"49051",0.31533581
"49053",0.34144488
"49055",0.53653683
"49057",0.31533581
"50001",1.40780831
"50003",1.40780831
"50005",1.40780831
"50007",1.40780831
"50009",1.40780831
"50011",1.40780831
"50013",1.40780831
"50015",1.40780831
"50017",1.40780831
"50019",1.40780831
"50021",1.40780831
"50023",1.40780831
"50025",1.40780831
"50027",1.40780831
"51001",1.07578905
"51003",1.14542121
"51005",1.14542121
"51007",1.27102984
"51009",1.27102984
"51011",1.27102984
"51013",1.1649705
"51015",1.14542121
"51017",1.14542121
"51019",1.27102984
"51021",1.4828917
"51023",1.4828917
"51025",1.27102984
"51027",1.47970727
"51029",1.27102984
"51031",1.27102984
"51033",1.04859236
"51035",1.47970727
"51036",1.04859236
"51037",1.27102984
"51041",1.27102984
"51043",1.14542121
"51045",1.4828917
"51047",1.14542121
"51049",1.27102984
"51051",1.47970727
"51053",1.27102984
"51057",1.04859236
"51059",1.27102984
"51061",1.14542121
"51063",1.47970727
"51065",1.27102984
"51067",1.27102984
"51069",1.14542121
"51071",1.4828917
"51073",1.04859236
"51075",1.27102984
"51077",1.47970727
"51079",1.14542121
"51081",1.04859236
"51083",1.27102984
"51085",1.04859236
"51087",1.04859236
"51089",1.27102984
"51091",1.14542121
"51093",1.08120969
"51095",1.04859236
"51097",1.04859236
"51099",1.04859236
"51101",1.04859236
"51103",1.04859236
"51105",1.4828917
"51107",1.14542121
"51109",1.27102984
"51111",1.27102984
"51113",1.14542121
"51115",1.07578905
"51117",1.27102984
"51119",1.04859236
"51121",1.4828917
"51125",1.27102984
"51127",1.04859236
"51131",1.07578905
"51133",1.04859236
"51135",1.27102984
"51137",1.27102984
"51139",1.14542121
"51141",1.27102984
"51143",1.27102984
"51145",1.27102984
"51147",1.27102984
"51149",1.04859236
"51153",1.14542121
"51155",1.4828917
"51157",1.14542121
"51159",1.04859236
"51161",1.4828917
"51163",1.14542121
"51165",1.14542121
"51167",1.4828917
"51169",1.4828917
"51171",1.14542121
"51173",1.4828917
"51175",1.08120969
"51177",1.27102984
"51179",1.27102984
"51181",1.04859236
"51183",1.04859236
"51185",1.4828917
"51187",1.14542121
"51191",1.4828917
"51193",1.04859236
"51195",1.47970727
"51197",1.4828917
"51199",1.04859236
"51510",1.1649705
"51515",1.27102984
"51520",1.4828917
"51530",1.14542121
"51540",1.14542121
"51550",1.07578905
"51570",1.04859236
"51580",1.4828917
"51590",1.27102984
"51595",1.04859236
"51600",1.27102984
"51610",1.14542121
"51620",1.08120969
"51630",1.04859236
"51640",1.47970727
"51650",1.07578905
"51660",1.14542121
"51670",1.04859236
"51678",1.14542121
"51680",1.27102984
"51683",1.14542121
"51685",1.27102984
"51690",1.27102984
"51700",1.08120969
"51710",1.07578905
"51720",1.47970727
"51730",1.04859236
"51735",1.07578905
"51740",1.07578905
"51750",1.4828917
"51760",1.04859236
"51770",1.4828917
"51775",1.4828917
"51790",1.14542121
"51800",1.08120969
"51810",1.07578905
"51820",1.14542121
"51830",1.04859236
"51840",1.14542121
"53001",0.6334761
"53003",0.55210248
"53005",0.59530238
"53007",0.54198017
"53009",0.54198017
"53011",0.54198017
"53013",0.55210248
"53015",0.54198017
"53017",0.6334761
"53019",0.50041257
"53021",0.59530238
"53023",0.55210248
"53025",0.59530238
"53027",0.54198017
"53029",0.54198017
"53031",0.54198017
"53033",0.54198017
"53035",0.54198017
"53037",0.60736703
"53039",0.54198017
"53041",0.54198017
"53043",0.6334761
"53045",0.54198017
"53047",0.56808924
"53049",0.54198017
"53051",0.4743035
"53053",0.54198017
"53055",0.54198017
"53057",0.54198017
"53059",0.54198017
"53061",0.54198017
"53063",0.55210248
"53065",0.4743035
"53067",0.54198017
"53069",0.54198017
"53071",0.6334761
"53073",0.54198017
"53075",0.57821155
"53077",0.60736703
"54001",1.47970727
"54003",1.14542121
"54005",1.47970727
"54007",1.47970727
"54009",1.47970727
"54011",1.47970727
"54013",1.47970727
"54015",1.47970727
"54017",1.47970727
"54019",1.47970727
"54021",1.47970727
"54023",1.14542121
"54025",1.47970727
"54027",1.14542121
"54029",1.47970727
"54031",1.14542121
"54033",1.47970727
"54035",1.47970727
"54037",1.14542121
"54039",1.47970727
"54041",1.47970727
"54043",1.47970727
"54045",1.47970727
"54047",1.47970727
"54049",1.47970727
"54051",1.47970727
"54053",1.47970727
"54055",1.47970727
"54057",1.14542121
"54059",1.47970727
"54061",1.47970727
"54063",1.47970727
"54065",1.14542121
"54067",1.47970727
"54069",1.47970727
"54071",1.14542121
"54073",1.47970727
"54075",1.14542121
"54077",1.47970727
"54079",1.47970727
"54081",1.47970727
"54083",1.47970727
"54085",1.47970727
"54087",1.47970727
"54089",1.47970727
"54091",1.47970727
"54093",1.47970727
"54095",1.47970727
"54097",1.47970727
"54099",1.47970727
"54101",1.47970727
"54103",1.47970727
"54105",1.47970727
"54107",1.47970727
"54109",1.47970727
"55001",0.76240794
"55003",0.86106435
"55005",0.74609611
"55007",0.76240794
"55009",0.69853858
"55011",0.77368596
"55013",0.76240794
"55015",0.69853858
"55017",0.86106435
"55019",0.74609611
"55021",0.96184651
"55023",0.77368596
"55025",0.96184651
"55027",0.96184651
"55029",0.69853858
"55031",0.86106435
"55033",0.77368596
"55035",0.77368596
"55037",0.86106435
"55039",0.96184651
"55041",0.86106435
"55043",0.77368596
"55045",0.96184651
"55047",0.96184651
"55049",0.77368596
"55051",0.76240794
"55053",0.76240794
"55055",0.96184651
"55057",0.76240794
"55059",1.23576932
"55061",0.69853858
"55063",0.77368596
"55065",0.77368596
"55067",0.86106435
"55069",0.86106435
"55071",0.69853858
"55073",0.74609611
"55075",0.76240794
"55077",0.96184651
"55078",0.86106435
"55079",1.23576932
"55081",0.77368596
"55083",0.69853858
"55085",0.76240794
"55087",0.69853858
"55089",0.69853858
"55091",0.77368596
"55093",0.92790712
"55095",0.86106435
"55097",0.76240794
"55099",0.86106435
"55101",1.23576932
"55103",0.77368596
"55105",0.96184651
"55107",0.86106435
"55109",0.74609611
"55111",0.77368596
"55113",0.86106435
"55115",0.69853858
"55117",0.96184651
"55119",0.86106435
"55121",0.77368596
"55123",0.77368596
"55125",0.76240794
"55127",0.96184651
"55129",0.76240794
"55131",0.96184651
"55133",0.96184651
"55135",0.69853858
"55137",0.96184651
"55139",0.69853858
"55141",0.76240794
"56001",0.53653683
"56003",0.59420142
"56005",0.62558673
"56007",0.53653683
"56009",0.62558673
"56011",0.36095787
"56013",0.53653683
"56015",0.63588682
"56017",0.45240812
"56019",0.62558673
"56021",0.63588682
"56023",0.45240812
"56025",0.62558673
"56027",0.59391766
"56029",0.42629905
"56031",0.63588682
"56033",0.62558673
"56035",0.53653683
"56037",0.53653683
"56039",0.42629905
"56041",0.34144488
"56043",0.59420142
"56045",0.62558673
